Metric,Value
design__instance__count,116032
design__instance__area,3.79088E+6
design__instance_unmapped__count,0
synthesis__check_error__count,98
design__max_slew_violation__count__corner:nom_tt_025C_1v80,1558
design__max_fanout_violation__count__corner:nom_tt_025C_1v80,1014
design__max_cap_violation__count__corner:nom_tt_025C_1v80,15
power__internal__total,0.0004112588067073375
power__switching__total,0.0005074256914667785
power__leakage__total,5.997006269353733E-7
power__total,0.0009192842408083379
clock__skew__worst_hold__corner:nom_tt_025C_1v80,-2.7845184723908063
clock__skew__worst_setup__corner:nom_tt_025C_1v80,0.9799903388389665
timing__hold__ws__corner:nom_tt_025C_1v80,0.9992851273742259
timing__setup__ws__corner:nom_tt_025C_1v80,34.35438697424138
timing__hold__tns__corner:nom_tt_025C_1v80,0.0
timing__setup__tns__corner:nom_tt_025C_1v80,0.0
timing__hold__wns__corner:nom_tt_025C_1v80,0
timing__setup__wns__corner:nom_tt_025C_1v80,0.0
timing__hold_vio__count__corner:nom_tt_025C_1v80,0
timing__hold_r2r__ws__corner:nom_tt_025C_1v80,1.640889
timing__hold_r2r_vio__count__corner:nom_tt_025C_1v80,0
timing__setup_vio__count__corner:nom_tt_025C_1v80,0
timing__setup_r2r__ws__corner:nom_tt_025C_1v80,34.354385
timing__setup_r2r_vio__count__corner:nom_tt_025C_1v80,0
design__max_slew_violation__count__corner:nom_ss_100C_1v60,2254
design__max_fanout_violation__count__corner:nom_ss_100C_1v60,1014
design__max_cap_violation__count__corner:nom_ss_100C_1v60,93
clock__skew__worst_hold__corner:nom_ss_100C_1v60,-3.331274905772594
clock__skew__worst_setup__corner:nom_ss_100C_1v60,1.5505628331293668
timing__hold__ws__corner:nom_ss_100C_1v60,2.1485764886509116
timing__setup__ws__corner:nom_ss_100C_1v60,30.089737775306176
timing__hold__tns__corner:nom_ss_100C_1v60,0.0
timing__setup__tns__corner:nom_ss_100C_1v60,0.0
timing__hold__wns__corner:nom_ss_100C_1v60,0
timing__setup__wns__corner:nom_ss_100C_1v60,0.0
timing__hold_vio__count__corner:nom_ss_100C_1v60,0
timing__hold_r2r__ws__corner:nom_ss_100C_1v60,3.482434
timing__hold_r2r_vio__count__corner:nom_ss_100C_1v60,0
timing__setup_vio__count__corner:nom_ss_100C_1v60,0
timing__setup_r2r__ws__corner:nom_ss_100C_1v60,30.089737
timing__setup_r2r_vio__count__corner:nom_ss_100C_1v60,0
design__max_slew_violation__count__corner:nom_ff_n40C_1v95,1430
design__max_fanout_violation__count__corner:nom_ff_n40C_1v95,1014
design__max_cap_violation__count__corner:nom_ff_n40C_1v95,4
clock__skew__worst_hold__corner:nom_ff_n40C_1v95,-2.8036840309623448
clock__skew__worst_setup__corner:nom_ff_n40C_1v95,0.7346008453904482
timing__hold__ws__corner:nom_ff_n40C_1v95,0.8093810295520283
timing__setup__ws__corner:nom_ff_n40C_1v95,35.992649879279895
timing__hold__tns__corner:nom_ff_n40C_1v95,0.0
timing__setup__tns__corner:nom_ff_n40C_1v95,0.0
timing__hold__wns__corner:nom_ff_n40C_1v95,0
timing__setup__wns__corner:nom_ff_n40C_1v95,0.0
timing__hold_vio__count__corner:nom_ff_n40C_1v95,0
timing__hold_r2r__ws__corner:nom_ff_n40C_1v95,0.834573
timing__hold_r2r_vio__count__corner:nom_ff_n40C_1v95,0
timing__setup_vio__count__corner:nom_ff_n40C_1v95,0
timing__setup_r2r__ws__corner:nom_ff_n40C_1v95,35.992649
timing__setup_r2r_vio__count__corner:nom_ff_n40C_1v95,0
design__max_slew_violation__count__corner:min_tt_025C_1v80,1000
design__max_fanout_violation__count__corner:min_tt_025C_1v80,1014
design__max_cap_violation__count__corner:min_tt_025C_1v80,5
clock__skew__worst_hold__corner:min_tt_025C_1v80,-2.7148666305696145
clock__skew__worst_setup__corner:min_tt_025C_1v80,0.9059850903704915
timing__hold__ws__corner:min_tt_025C_1v80,1.1496839361492956
timing__setup__ws__corner:min_tt_025C_1v80,34.44135740755811
timing__hold__tns__corner:min_tt_025C_1v80,0.0
timing__setup__tns__corner:min_tt_025C_1v80,0.0
timing__hold__wns__corner:min_tt_025C_1v80,0
timing__setup__wns__corner:min_tt_025C_1v80,0.0
timing__hold_vio__count__corner:min_tt_025C_1v80,0
timing__hold_r2r__ws__corner:min_tt_025C_1v80,1.665533
timing__hold_r2r_vio__count__corner:min_tt_025C_1v80,0
timing__setup_vio__count__corner:min_tt_025C_1v80,0
timing__setup_r2r__ws__corner:min_tt_025C_1v80,34.441357
timing__setup_r2r_vio__count__corner:min_tt_025C_1v80,0
design__max_slew_violation__count__corner:min_ss_100C_1v60,1574
design__max_fanout_violation__count__corner:min_ss_100C_1v60,1014
design__max_cap_violation__count__corner:min_ss_100C_1v60,66
clock__skew__worst_hold__corner:min_ss_100C_1v60,-3.2026959768514054
clock__skew__worst_setup__corner:min_ss_100C_1v60,1.4140582438558313
timing__hold__ws__corner:min_ss_100C_1v60,2.3378037944981562
timing__setup__ws__corner:min_ss_100C_1v60,30.30379588593524
timing__hold__tns__corner:min_ss_100C_1v60,0.0
timing__setup__tns__corner:min_ss_100C_1v60,0.0
timing__hold__wns__corner:min_ss_100C_1v60,0
timing__setup__wns__corner:min_ss_100C_1v60,0.0
timing__hold_vio__count__corner:min_ss_100C_1v60,0
timing__hold_r2r__ws__corner:min_ss_100C_1v60,2.944258
timing__hold_r2r_vio__count__corner:min_ss_100C_1v60,0
timing__setup_vio__count__corner:min_ss_100C_1v60,0
timing__setup_r2r__ws__corner:min_ss_100C_1v60,30.303797
timing__setup_r2r_vio__count__corner:min_ss_100C_1v60,0
design__max_slew_violation__count__corner:min_ff_n40C_1v95,927
design__max_fanout_violation__count__corner:min_ff_n40C_1v95,1014
design__max_cap_violation__count__corner:min_ff_n40C_1v95,2
clock__skew__worst_hold__corner:min_ff_n40C_1v95,-2.6783251929928493
clock__skew__worst_setup__corner:min_ff_n40C_1v95,0.6801723821134628
timing__hold__ws__corner:min_ff_n40C_1v95,0.8983978260056206
timing__setup__ws__corner:min_ff_n40C_1v95,35.99857225314995
timing__hold__tns__corner:min_ff_n40C_1v95,0.0
timing__setup__tns__corner:min_ff_n40C_1v95,0.0
timing__hold__wns__corner:min_ff_n40C_1v95,0
timing__setup__wns__corner:min_ff_n40C_1v95,0.0
timing__hold_vio__count__corner:min_ff_n40C_1v95,0
timing__hold_r2r__ws__corner:min_ff_n40C_1v95,0.898398
timing__hold_r2r_vio__count__corner:min_ff_n40C_1v95,0
timing__setup_vio__count__corner:min_ff_n40C_1v95,0
timing__setup_r2r__ws__corner:min_ff_n40C_1v95,35.998573
timing__setup_r2r_vio__count__corner:min_ff_n40C_1v95,0
design__max_slew_violation__count__corner:max_tt_025C_1v80,2014
design__max_fanout_violation__count__corner:max_tt_025C_1v80,1014
design__max_cap_violation__count__corner:max_tt_025C_1v80,19
clock__skew__worst_hold__corner:max_tt_025C_1v80,-2.85980047737371
clock__skew__worst_setup__corner:max_tt_025C_1v80,1.0381713560453145
timing__hold__ws__corner:max_tt_025C_1v80,0.7863434570502994
timing__setup__ws__corner:max_tt_025C_1v80,34.30841485793752
timing__hold__tns__corner:max_tt_025C_1v80,0.0
timing__setup__tns__corner:max_tt_025C_1v80,0.0
timing__hold__wns__corner:max_tt_025C_1v80,0
timing__setup__wns__corner:max_tt_025C_1v80,0.0
timing__hold_vio__count__corner:max_tt_025C_1v80,0
timing__hold_r2r__ws__corner:max_tt_025C_1v80,1.611232
timing__hold_r2r_vio__count__corner:max_tt_025C_1v80,0
timing__setup_vio__count__corner:max_tt_025C_1v80,0
timing__setup_r2r__ws__corner:max_tt_025C_1v80,34.308414
timing__setup_r2r_vio__count__corner:max_tt_025C_1v80,0
design__max_slew_violation__count__corner:max_ss_100C_1v60,2723
design__max_fanout_violation__count__corner:max_ss_100C_1v60,1014
design__max_cap_violation__count__corner:max_ss_100C_1v60,111
clock__skew__worst_hold__corner:max_ss_100C_1v60,-3.4284238640669535
clock__skew__worst_setup__corner:max_ss_100C_1v60,1.6569279750563966
timing__hold__ws__corner:max_ss_100C_1v60,1.8580497666366647
timing__setup__ws__corner:max_ss_100C_1v60,29.89542564786234
timing__hold__tns__corner:max_ss_100C_1v60,0.0
timing__setup__tns__corner:max_ss_100C_1v60,0.0
timing__hold__wns__corner:max_ss_100C_1v60,0
timing__setup__wns__corner:max_ss_100C_1v60,0.0
timing__hold_vio__count__corner:max_ss_100C_1v60,0
timing__hold_r2r__ws__corner:max_ss_100C_1v60,3.524369
timing__hold_r2r_vio__count__corner:max_ss_100C_1v60,0
timing__setup_vio__count__corner:max_ss_100C_1v60,0
timing__setup_r2r__ws__corner:max_ss_100C_1v60,29.895426
timing__setup_r2r_vio__count__corner:max_ss_100C_1v60,0
design__max_slew_violation__count__corner:max_ff_n40C_1v95,1832
design__max_fanout_violation__count__corner:max_ff_n40C_1v95,1014
design__max_cap_violation__count__corner:max_ff_n40C_1v95,5
clock__skew__worst_hold__corner:max_ff_n40C_1v95,-2.8977594477484065
clock__skew__worst_setup__corner:max_ff_n40C_1v95,0.7752456673822794
timing__hold__ws__corner:max_ff_n40C_1v95,0.6463443296856215
timing__setup__ws__corner:max_ff_n40C_1v95,36.032767123275505
timing__hold__tns__corner:max_ff_n40C_1v95,0.0
timing__setup__tns__corner:max_ff_n40C_1v95,0.0
timing__hold__wns__corner:max_ff_n40C_1v95,0
timing__setup__wns__corner:max_ff_n40C_1v95,0.0
timing__hold_vio__count__corner:max_ff_n40C_1v95,0
timing__hold_r2r__ws__corner:max_ff_n40C_1v95,0.782772
timing__hold_r2r_vio__count__corner:max_ff_n40C_1v95,0
timing__setup_vio__count__corner:max_ff_n40C_1v95,0
timing__setup_r2r__ws__corner:max_ff_n40C_1v95,36.032768
timing__setup_r2r_vio__count__corner:max_ff_n40C_1v95,0
design__max_slew_violation__count,2723
design__max_fanout_violation__count,1014
design__max_cap_violation__count,111
clock__skew__worst_hold,-2.6783251929928493
clock__skew__worst_setup,0.6801723821134628
timing__hold__ws,0.6463443296856215
timing__setup__ws,29.89542564786234
timing__hold__tns,0.0
timing__setup__tns,0.0
timing__hold__wns,0
timing__setup__wns,0.0
timing__hold_vio__count,0
timing__hold_r2r__ws,0.782772
timing__hold_r2r_vio__count,0
timing__setup_vio__count,0
timing__setup_r2r__ws,29.895426
timing__setup_r2r_vio__count,0
design__die__bbox,0.0 0.0 2920.0 3520.0
design__core__bbox,5.52 10.88 2914.1 3508.8
design__io,645
design__die__area,1.02784E+7
design__core__area,1.0174E+7
design__instance__count__stdcell,116019
design__instance__area__stdcell,244730
design__instance__count__macros,13
design__instance__area__macros,3.54615E+6
design__instance__utilization,0.372605
design__instance__utilization__stdcell,0.0369246
design__instance__count__class:macro,13
design__instance__count__class:inverter,430
design__instance__count__class:sequential_cell,385
design__instance__count__class:multi_input_combinational_cell,4149
flow__warnings__count,1
flow__errors__count,0
design__instance__count__class:fill_cell,554068
design__instance__count__class:tap_cell,91234
design__power_grid_violation__count__net:vssd2,0
design__power_grid_violation__count__net:vssa1,0
design__power_grid_violation__count__net:vccd1,0
design__power_grid_violation__count__net:vdda2,0
design__power_grid_violation__count__net:vssa2,0
design__power_grid_violation__count__net:vccd2,0
design__power_grid_violation__count__net:vdda1,0
design__power_grid_violation__count__net:vssd1,0
design__power_grid_violation__count,0
timing__drv__floating__nets,0
timing__drv__floating__pins,0
design__instance__displacement__total,158.22
design__instance__displacement__mean,0.001
design__instance__displacement__max,43.52
route__wirelength__estimated,3.58184E+6
design__violations,0
design__instance__count__class:timing_repair_buffer,2807
design__instance__count__class:clock_buffer,222
design__instance__count__class:clock_inverter,9
design__instance__count__setup_buffer,0
design__instance__count__hold_buffer,2
antenna__violating__nets,180
antenna__violating__pins,195
route__antenna_violation__count,180
design__instance__count__class:antenna_cell,16783
antenna_diodes_count,954
route__net,9498
route__net__special,8
route__drc_errors__iter:1,3012
route__wirelength__iter:1,4003832
route__drc_errors__iter:2,650
route__wirelength__iter:2,4001784
route__drc_errors__iter:3,294
route__wirelength__iter:3,4001506
route__drc_errors__iter:4,5
route__wirelength__iter:4,4001597
route__drc_errors__iter:5,0
route__wirelength__iter:5,4001595
route__drc_errors,0
route__wirelength,4001595
route__vias,105044
route__vias__singlecut,105044
route__vias__multicut,0
design__disconnected_pin__count,296
design__critical_disconnected_pin__count,0
route__wirelength__max,6262.53
timing__unannotated_net__count__corner:nom_tt_025C_1v80,558
timing__unannotated_net_filtered__count__corner:nom_tt_025C_1v80,0
timing__unannotated_net__count__corner:nom_ss_100C_1v60,558
timing__unannotated_net_filtered__count__corner:nom_ss_100C_1v60,0
timing__unannotated_net__count__corner:nom_ff_n40C_1v95,558
timing__unannotated_net_filtered__count__corner:nom_ff_n40C_1v95,0
timing__unannotated_net__count__corner:min_tt_025C_1v80,558
timing__unannotated_net_filtered__count__corner:min_tt_025C_1v80,0
timing__unannotated_net__count__corner:min_ss_100C_1v60,558
timing__unannotated_net_filtered__count__corner:min_ss_100C_1v60,0
timing__unannotated_net__count__corner:min_ff_n40C_1v95,558
timing__unannotated_net_filtered__count__corner:min_ff_n40C_1v95,0
timing__unannotated_net__count__corner:max_tt_025C_1v80,558
timing__unannotated_net_filtered__count__corner:max_tt_025C_1v80,0
timing__unannotated_net__count__corner:max_ss_100C_1v60,558
timing__unannotated_net_filtered__count__corner:max_ss_100C_1v60,0
timing__unannotated_net__count__corner:max_ff_n40C_1v95,558
timing__unannotated_net_filtered__count__corner:max_ff_n40C_1v95,0
timing__unannotated_net__count,558
timing__unannotated_net_filtered__count,0
design_powergrid__voltage__worst__net:vccd1__corner:nom_tt_025C_1v80,1.79969
design_powergrid__drop__average__net:vccd1__corner:nom_tt_025C_1v80,1.8
design_powergrid__drop__worst__net:vccd1__corner:nom_tt_025C_1v80,0.000310936
design_powergrid__voltage__worst__net:vccd2__corner:nom_tt_025C_1v80,0
design_powergrid__drop__average__net:vccd2__corner:nom_tt_025C_1v80,0
design_powergrid__drop__worst__net:vccd2__corner:nom_tt_025C_1v80,0
design_powergrid__voltage__worst__net:vdda1__corner:nom_tt_025C_1v80,0
design_powergrid__drop__average__net:vdda1__corner:nom_tt_025C_1v80,0
design_powergrid__drop__worst__net:vdda1__corner:nom_tt_025C_1v80,0
design_powergrid__voltage__worst__net:vdda2__corner:nom_tt_025C_1v80,0
design_powergrid__drop__average__net:vdda2__corner:nom_tt_025C_1v80,0
design_powergrid__drop__worst__net:vdda2__corner:nom_tt_025C_1v80,0
design_powergrid__voltage__worst__net:vssd1__corner:nom_tt_025C_1v80,0.000312075
design_powergrid__drop__average__net:vssd1__corner:nom_tt_025C_1v80,3.1206E-7
design_powergrid__drop__worst__net:vssd1__corner:nom_tt_025C_1v80,0.000312075
design_powergrid__voltage__worst__net:vssd2__corner:nom_tt_025C_1v80,0
design_powergrid__drop__average__net:vssd2__corner:nom_tt_025C_1v80,0
design_powergrid__drop__worst__net:vssd2__corner:nom_tt_025C_1v80,0
design_powergrid__voltage__worst__net:vssa1__corner:nom_tt_025C_1v80,0
design_powergrid__drop__average__net:vssa1__corner:nom_tt_025C_1v80,0
design_powergrid__drop__worst__net:vssa1__corner:nom_tt_025C_1v80,0
design_powergrid__voltage__worst__net:vssa2__corner:nom_tt_025C_1v80,0
design_powergrid__drop__average__net:vssa2__corner:nom_tt_025C_1v80,0
design_powergrid__drop__worst__net:vssa2__corner:nom_tt_025C_1v80,0
design_powergrid__voltage__worst,0
design_powergrid__voltage__worst__net:vccd1,1.79969
design_powergrid__drop__worst,0.000312075
design_powergrid__drop__worst__net:vccd1,0.000310936
design_powergrid__voltage__worst__net:vccd2,0
design_powergrid__drop__worst__net:vccd2,0
design_powergrid__voltage__worst__net:vdda1,0
design_powergrid__drop__worst__net:vdda1,0
design_powergrid__voltage__worst__net:vdda2,0
design_powergrid__drop__worst__net:vdda2,0
design_powergrid__voltage__worst__net:vssd1,0.000312075
design_powergrid__drop__worst__net:vssd1,0.000312075
design_powergrid__voltage__worst__net:vssd2,0
design_powergrid__drop__worst__net:vssd2,0
design_powergrid__voltage__worst__net:vssa1,0
design_powergrid__drop__worst__net:vssa1,0
design_powergrid__voltage__worst__net:vssa2,0
design_powergrid__drop__worst__net:vssa2,0
ir__voltage__worst,1.8000000000000000444089209850062616169452667236328125
ir__drop__avg,3.4299999999999998765497590848261300067179035977460443973541259765625E-7
ir__drop__worst,0.0003110000000000000242549036411077167940675280988216400146484375
magic__illegal_overlap__count,0
design__lvs_device_difference__count,0
design__lvs_net_difference__count,0
design__lvs_property_fail__count,0
design__lvs_error__count,0
design__lvs_unmatched_device__count,0
design__lvs_unmatched_net__count,0
design__lvs_unmatched_pin__count,0
